{

	"metadata" :
	{
		"formatVersion" : 3.1,
		"generatedBy"   : "Blender 2.65 Exporter",
		"vertices"      : 164,
		"faces"         : 320,
		"normals"       : 164,
		"colors"        : 0,
		"uvs"           : [],
		"materials"     : 1,
		"morphTargets"  : 0,
		"bones"         : 0
	},

	"scale" : 1.000000,

	"materials" : [	{
		"DbgColor" : 15658734,
		"DbgIndex" : 0,
		"DbgName" : "Skelet",
		"blending" : "NormalBlending",
		"colorDiffuse" : [0.800000011920929, 0.800000011920929, 0.800000011920929],
		"colorSpecular" : [0.0, 0.0, 0.0],
		"depthTest" : true,
		"depthWrite" : true,
		"shading" : "Lambert",
		"specularCoef" : 50,
		"opacity" : 1.0,
		"transparent" : false,
		"vertexColors" : false
	}],

	"vertices" : [0.350382,0.585219,-0.769245,0.130782,0.344018,-1.01764,0.0659823,0.570819,-0.974444,0.433181,0.322419,-0.790844,0.184781,0.102818,-1.01764,0.487181,0.0668186,-0.772845,0.00478077,0.0560184,-0.884442,-0.0420184,0.282819,-0.855646,-0.135619,0.513219,-0.769245,-0.394819,1.51402,0.544754,-0.0348194,1.36642,0.580756,-0.240019,1.64362,0.551956,-0.265219,1.25122,0.555556,0.0983813,1.09282,0.515954,-0.225619,0.956019,0.364755,0.404381,1.15042,0.461958,0.0947807,1.48162,0.469155,-0.13922,1.66522,0.447555,-0.0276182,-1.56758,0.109155,-0.225619,-1.46318,0.263955,-0.222018,-1.57838,0.166756,0.0335813,-1.49198,0.181154,-0.218418,-1.31918,0.209955,-0.0276182,-1.37678,0.141556,-0.402018,-1.31198,0.148758,-0.474019,-1.40558,0.191956,-0.405619,-1.50278,0.116356,-0.207618,-1.58558,-0.067244,0.0443809,-1.58558,-0.0636434,-0.463217,-1.49918,-0.0564422,-0.387618,-1.44878,-0.218443,-0.196818,-1.50278,-0.286846,-0.00961947,-1.50998,-0.225645,-0.348018,1.09282,-0.596446,-0.369619,1.58602,-0.387646,-0.171618,1.22962,-0.654043,-0.546018,1.48882,-0.355245,-0.524419,1.87042,-0.0420442,-0.657618,1.75882,-0.00604256,-0.358819,1.80922,-0.0312424,-0.200419,1.63282,-0.258046,0.0695808,1.22242,-0.567646,-0.384019,-1.25798,-0.186042,-0.207618,-1.23998,-0.00964302,-0.193218,-1.24358,-0.243643,-0.459619,-1.23998,-0.0132436,0.0479815,-1.32638,-0.0204448,-0.00961947,-1.31918,-0.193243,-0.546018,-1.35518,-0.0312423,-0.448819,-1.32998,-0.258046,0.739182,0.527619,0.422356,0.501582,0.894819,-0.128446,0.598781,0.830019,0.407958,0.634782,0.567219,-0.178845,0.249581,0.880418,-0.672046,0.299983,1.24042,-0.0276461,0.00838137,0.797619,-0.888043,-0.153618,0.700419,-0.808843,-0.171618,0.819218,-0.718845,-0.0528181,0.970418,-0.805242,0.256782,-0.789981,0.469155,0.303581,-0.977181,0.479957,0.544782,-0.937582,0.555556,0.0587811,-0.843981,0.476356,0.0443809,-0.944781,0.379157,-0.142818,-0.851181,0.433157,0.184781,-0.987981,0.274757,0.490782,-1.08158,0.361154,0.749982,-1.07438,0.433158,-0.200419,-0.725181,0.357558,-0.304819,-0.761181,0.332358,-0.211219,-0.764781,0.429557,-0.279619,-0.699981,0.299957,-0.283218,-0.775582,0.217156,-0.247218,-0.728781,0.224357,-0.214819,-0.843981,0.260355,-0.254419,-0.843981,0.339555,-0.0312188,0.390819,0.199157,-0.132018,0.560019,-0.204045,-0.0204191,0.250419,-0.135643,0.181182,0.246819,0.544755,0.224381,0.0524184,0.393555,0.227981,0.398019,0.598755,0.076782,0.524018,0.505157,-0.0528181,0.668019,0.285554,0.562781,0.225219,0.652755,0.620382,-0.00518146,0.605956,0.836381,0.261219,0.440354,0.893982,0.00921877,0.447556,0.483581,0.455619,0.656356,0.202781,-0.167182,-0.974444,0.508781,-0.203181,-0.747645,0.213581,-0.447982,-0.859242,0.501582,-0.498381,-0.708043,0.076782,-0.401182,-0.733243,0.011982,-0.199582,-0.844844,0.908381,-0.541581,0.418755,0.749982,-0.865582,-0.121244,0.789582,-0.530781,-0.132046,0.872381,-0.854781,0.436758,0.645582,-1.08878,-0.0744452,0.472781,-0.966381,-0.387646,0.476382,-0.815181,-0.643245,0.433181,-1.05998,0.0407567,0.166782,-0.919581,0.148758,0.289181,-0.930382,-0.337246,0.0875816,-0.750381,0.105555,0.227981,-0.714381,-0.643245,0.0695808,-0.566781,-0.448843,-0.00241828,1.58602,0.109155,-0.286818,1.82362,0.238755,-0.0996194,-0.825981,0.181154,-0.078018,-0.905182,0.238755,-0.142818,-0.735982,0.177558,-0.117618,-0.912381,0.314355,0.130782,-1.47038,-0.0456447,0.0587811,-1.41638,-0.268843,0.667181,-0.253581,0.544755,0.296382,-0.167182,0.274757,0.688781,-0.505581,0.508757,0.328781,-0.437181,0.242356,0.919182,-0.253581,0.433157,0.0371819,0.0596185,-0.308445,0.0803804,-0.152781,-0.376844,-0.801618,1.14322,-0.146444,-0.567618,0.988419,-0.0636435,-0.812418,1.04962,0.0263543,-0.632418,1.11802,-0.340842,-0.330019,0.934419,-0.153646,-0.524419,0.999219,0.310754,-0.751218,1.10362,0.299957,0.083981,0.909219,0.479957,-0.110419,0.812019,0.289155,0.235183,0.858819,0.523155,-0.189619,-1.36238,-0.340842,0.659982,-0.757581,0.537558,0.361182,-0.663981,0.422356,0.0551805,-0.372381,-0.391242,0.177582,-0.563181,0.0947571,0.220782,-0.663981,0.321556,0.123581,-0.739581,0.346756,-0.445219,1.84882,0.307158,-0.567618,1.72642,0.325157,0.728381,0.293619,-0.175245,0.789582,0.0344186,-0.150045,0.371982,0.686018,0.595154,-0.916818,1.40602,0.0695571,-0.945618,1.18642,0.076754,-0.913219,1.30162,0.220756,-0.927619,1.29082,-0.0744453,-0.045619,-0.764781,0.407958,-0.0960188,-0.725181,0.321556,-0.178818,-0.699981,0.253158,-0.135619,1.02802,-0.783643,-0.218418,0.920019,-0.668445,-0.211219,0.833618,-0.200445,-0.175219,0.725619,-0.283246,0.807581,-0.235581,-0.139243,-0.754819,1.51042,0.299957,-0.841218,1.59322,0.0479578,-0.600019,1.30882,0.469155,-0.466818,1.15042,0.501556,-0.178818,0.657218,-0.477644,-0.762018,1.39162,-0.232846],

	"morphTargets" : [],